Reference area,TIME_PERIOD,OBS_VALUE
Australia,2021,0.19
Australia,2020,0.18
Australia,2019,0.18
Iceland,2020,0.2
Iceland,2019,0.21
Portugal,2018,0.13
Portugal,2017,0.13
Portugal,2016,0.12
Iceland,2017,0.24
Latvia,2021,0.15
Latvia,2020,0.15
Latvia,2019,0.16
Latvia,2018,0.16
Latvia,2017,0.15
Latvia,2016,0.16
Latvia,2015,0.16
Latvia,2022,0.15
Iceland,2015,0.23
Iceland,2023,0.2
Iceland,2021,0.2
Switzerland,2018,0.52
Switzerland,2017,0.52
Switzerland,2016,0.51
Switzerland,2015,0.5
Switzerland,2022,0.53
Ireland,2023,0.23
Ireland,2016,0.18
Ireland,2015,0.16
Ireland,2021,0.19
Ireland,2020,0.21
Ireland,2019,0.19
Ireland,2018,0.17
Ireland,2022,0.22
Ireland,2017,0.18
Finland,2015,0.19
Finland,2019,0.19
Finland,2018,0.18
Finland,2017,0.19
Finland,2016,0.19
Finland,2021,0.18
Finland,2020,0.18
Israel,2021,0.16
Israel,2020,0.16
Israel,2019,0.16
Iceland,2018,0.24
Iceland,2022,0.21
Iceland,2016,0.26
Israel,2016,0.16
Israel,2015,0.17
United Kingdom,2023,0.2
United Kingdom,2022,0.2
United Kingdom,2021,0.2
Korea,2018,0.08
Korea,2017,0.08
Korea,2016,0.07
Korea,2015,0.07
Korea,2022,0.09
Korea,2021,0.09
Korea,2020,0.08
Korea,2019,0.08
United Kingdom,2020,0.19
United Kingdom,2019,0.18
United Kingdom,2018,0.18
United Kingdom,2017,0.18
United Kingdom,2016,0.18
United Kingdom,2015,0.18
New Zealand,2023,0.22
New Zealand,2022,0.21
New Zealand,2021,0.2
New Zealand,2019,0.19
New Zealand,2018,0.19
New Zealand,2017,0.19
New Zealand,2015,0.18
New Zealand,2020,0.2
New Zealand,2016,0.18
Czechia,2021,0.17
Czechia,2022,0.17
Czechia,2019,0.16
Czechia,2020,0.15
Belgium,2017,0.17
Belgium,2022,0.17
Belgium,2021,0.17
Belgium,2016,0.17
Belgium,2015,0.17
Belgium,2019,0.17
Belgium,2018,0.17
Belgium,2020,0.17
Norway,2016,0.23
Norway,2023,0.24
Norway,2022,0.24
Norway,2021,0.23
Norway,2018,0.23
Norway,2020,0.23
Norway,2019,0.23
Norway,2015,0.22
Norway,2017,0.23
Australia,2016,0.17
Australia,2022,0.19
Australia,2015,0.16
Switzerland,2021,0.53
Switzerland,2020,0.53
Switzerland,2019,0.52
Australia,2018,0.17
Australia,2017,0.17
Luxembourg,2017,0.21
Luxembourg,2016,0.22
Luxembourg,2015,0.22
Mexico,2021,0.01
Mexico,2020,0.01
Mexico,2019,0.01
Mexico,2018,0.01
Mexico,2017,0.01
Mexico,2016,0.01
Mexico,2015,0.01
Mexico,2022,0.01
Denmark,2018,0.19
Denmark,2020,0.19
Denmark,2017,0.19
Denmark,2016,0.19
Denmark,2015,0.19
Denmark,2021,0.19
Denmark,2019,0.19
Türkiye,2019,0.06
Türkiye,2017,0.05
Türkiye,2016,0.05
Türkiye,2015,0.04
Türkiye,2022,0.07
Türkiye,2021,0.07
Türkiye,2020,0.06
Türkiye,2018,0.05
Germany,2021,0.29
Germany,2020,0.28
Germany,2019,0.28
Germany,2018,0.28
Germany,2017,0.28
Germany,2016,0.27
Germany,2015,0.27
Germany,2022,0.28
Greece,2022,0.26
Greece,2021,0.25
Greece,2020,0.24
Greece,2019,0.26
Greece,2018,0.26
Greece,2017,0.25
Greece,2016,0.23
Greece,2015,0.22
Netherlands,2020,0.25
Netherlands,2019,0.24
Netherlands,2018,0.24
Netherlands,2017,0.24
Netherlands,2016,0.23
Netherlands,2015,0.23
Netherlands,2022,0.25
Netherlands,2021,0.25
United States,2021,0.14
United States,2020,0.14
United States,2019,0.14
United States,2018,0.14
United States,2022,0.15
United States,2017,0.15
United States,2016,0.14
United States,2015,0.14
Romania,2019,0.13
Romania,2018,0.12
Romania,2017,0.11
Romania,2016,0.11
Romania,2022,0.16
Romania,2021,0.15
Romania,2020,0.14
Romania,2015,0.11
Slovenia,2021,0.16
Slovenia,2020,0.16
Slovenia,2019,0.15
Slovenia,2018,0.15
Slovenia,2017,0.14
Slovenia,2016,0.13
Slovenia,2015,0.13
Slovenia,2022,0.17
Austria,2017,0.19
Austria,2016,0.19
Austria,2015,0.18
Austria,2023,0.22
Austria,2022,0.22
Austria,2021,0.22
Austria,2020,0.21
Austria,2019,0.2
Poland,2021,0.13
Poland,2020,0.12
Poland,2018,0.09
Croatia,2018,0.16
Croatia,2017,0.16
Croatia,2016,0.16
Croatia,2015,0.16
Croatia,2022,0.19
Croatia,2021,0.18
Croatia,2020,0.17
Poland,2017,0.09
Poland,2016,0.09
Croatia,2019,0.17
Poland,2015,0.09
Poland,2022,0.13
Poland,2019,0.12
Spain,2021,0.13
Spain,2020,0.12
Spain,2019,0.12
Spain,2018,0.11
Spain,2017,0.11
Spain,2015,0.11
Spain,2016,0.1
Spain,2022,0.13
Portugal,2021,0.15
Portugal,2020,0.14
Portugal,2019,0.13
Israel,2022,0.17
Israel,2018,0.16
Israel,2017,0.16
Portugal,2015,0.12
Portugal,2022,0.15
Hungary,2021,0.14
Hungary,2020,0.14
Hungary,2019,0.15
Italy,2018,0.17
Italy,2017,0.18
Italy,2016,0.17
Italy,2015,0.18
Italy,2022,0.2
Italy,2021,0.19
Italy,2020,0.18
Italy,2019,0.17
Hungary,2018,0.15
Hungary,2017,0.15
Hungary,2022,0.15
Bulgaria,2016,0.1
Bulgaria,2015,0.1
Bulgaria,2022,0.1
Colombia,2015,0.02
Colombia,2020,0.02
Colombia,2019,0.02
France,2022,0.23
Colombia,2018,0.02
France,2021,0.23
France,2020,0.23
France,2019,0.23
France,2018,0.23
France,2017,0.23
Colombia,2017,0.02
France,2016,0.23
France,2015,0.23
Bulgaria,2021,0.1
Bulgaria,2020,0.1
Colombia,2016,0.02
Bulgaria,2019,0.1
Bulgaria,2018,0.1
Bulgaria,2017,0.1
Chile,2023,0.13
Chile,2022,0.12
Chile,2021,0.11
Chile,2020,0.11
Chile,2019,0.1
Chile,2018,0.1
Chile,2017,0.09
Chile,2016,0.09
Chile,2015,0.08
Japan,2022,0.13
Japan,2020,0.13
Japan,2018,0.13
Japan,2016,0.12
Estonia,2019,0.2
Estonia,2018,0.19
Estonia,2017,0.18
Estonia,2016,0.18
Estonia,2015,0.18
Estonia,2022,0.2
Estonia,2021,0.19
Estonia,2020,0.2
Canada,2021,0.18
Canada,2020,0.17
Canada,2019,0.17
Canada,2018,0.17
Canada,2017,0.17
Canada,2016,0.17
Canada,2015,0.17
Canada,2022,0.18
Sweden,2020,0.22
Sweden,2019,0.22
Sweden,2018,0.23
Sweden,2017,0.23
Sweden,2016,0.23
Sweden,2015,0.23
Sweden,2021,0.22
Lithuania,2021,0.25
Lithuania,2020,0.25
Lithuania,2019,0.23
Lithuania,2018,0.23
Lithuania,2017,0.24
Lithuania,2016,0.23
Lithuania,2015,0.22
Lithuania,2022,0.25
